{
    "DRONE":
    {
        "path": "udp:172.22.160.1:14550",
        "id": 1,
        "alt": 5,
        "rtl-alt": 5,
        "top-birakma-alt": 3,
        "direk-locs": [[-35.36302005, 149.16512212], [-35.36299936, 149.16531661]]
    },
    "UDP":
    {
        "ip": "0.0.0.0",
        "port": 9999,
        "model-path": "./models/kullanilcak.pt"
    }
}