{
    "DRONE":
    {
        "path": "udp:172.22.160.1:14550",
        "id": 1,
        "alt": 5,
        "rtl-alt": 5,
        "top-birakma-alt": 3,
        "direk-locs": [[-35.36304551, 149.16518546], [-35.36299034, 149.16530384]]
    },
    "UDP":
    {
        "ip": "192.168.31.108",
        "port": 9999,
        "model-path": "./models/kullanilcak.pt"
    }
}